"genere","coping","stress_gestito","emotivita_neg","intro_pre","intro_post"
"femmina","substance",51.75,56.68,25.05,29.31
"maschio","sport",50.75,42.87,22.47,26.05
"femmina","internet",54.28,53.12,60.98,63.68
"maschio","sport",50.25,34.58,31.5,35.64
"maschio","avoidance",33.33,58.08,54.85,57.21
"femmina","internet",57.36,40.69,73.37,77.64
"femmina","internet",53.86,44.08,37.05,40.17
"maschio","internet",47.34,45.18,44.81,50.68
"maschio","internet",51.18,42.24,19.85,30.4
"femmina","internet",51.34,49.22,28.83,31.6
"maschio","internet",52.21,40.46,40.91,47.02
"femmina","internet",66.41,46.22,45.08,50.64
"maschio","internet",47.81,42.16,29.52,33.41
"maschio","sport",51.68,41.67,117.08,120.42
"femmina","internet",61.68,43.82,33.3,40.81
"maschio","internet",60.54,44.66,41.04,42.83
"femmina","internet",61.45,39.77,51.87,54.96
"femmina","avoidance",44.23,53.28,39.59,41.84
"femmina","avoidance",70.02,44.8,30.92,37.91
"maschio","avoidance",50.67,42.38,60.76,64.47
"maschio","substance",68.67,38.76,76.33,79.57
"maschio","internet",36.49,55.36,39.53,53.83
"maschio","internet",50.21,44.67,50.09,54.01
"maschio","avoidance",62.5,50.6,38.47,41.82
"maschio","avoidance",42.85,56.94,60.07,64.58
"maschio","internet",42.47,51.13,25.19,27.33
"femmina","avoidance",40.61,47.16,101.21,106.08
"maschio","sport",39.47,47.4,31.42,35.27
"femmina","sport",45.63,42.6,22.32,27.14
"femmina","sport",53.31,39.83,34.76,37.46
"maschio","internet",29.86,51.16,42.42,45.08
"maschio","internet",52.12,48.43,76.58,79.61
"maschio","sport",62.37,30.62,57.59,60.53
"maschio","sport",70.38,30.68,42.35,49.08
"femmina","internet",63.01,42.4,22.94,30.46
"femmina","sport",57.57,34.3,28.29,32.05
"maschio","sport",32.73,53.55,37.47,40.94
"femmina","internet",43.98,43.43,111.06,114.57
"femmina","internet",46.48,34.71,19.01,23.12
"femmina","avoidance",57.04,48.8,62.88,67.04
"femmina","avoidance",48.94,54.73,32.39,36.88
"femmina","internet",37.41,51.87,77.89,80.86
"femmina","internet",66.84,41.1,25.36,28.21
"femmina","avoidance",59.11,39.67,42.37,48.83
"femmina","avoidance",52.37,48.18,25.77,28.98
"femmina","internet",62.18,31.2,57.41,61.93
"femmina","internet",36.61,59.6,72.41,76.32
"femmina","sport",56.61,47.99,87.28,90.01
"femmina","internet",44.77,54.99,55.03,60.1
"maschio","internet",56.84,43.44,83.61,87.9
"femmina","substance",49.39,52.14,65.85,72.85
"femmina","internet",56.33,36.25,37.94,42.13
"maschio","internet",63.36,44.27,48.41,51.91
"femmina","substance",50.07,50.91,27.11,31.58
"maschio","sport",60.18,33.63,37.14,39.63
"femmina","internet",38.12,45.88,65.19,68.05
"femmina","sport",42.78,44.11,49.67,54.58
"maschio","avoidance",65.19,38.16,48.03,51.53
"maschio","internet",53.77,43.13,26.41,30.31
"femmina","sport",29.48,46.17,31.41,35.23
"maschio","sport",36.36,57.26,29.46,32.54
"femmina","sport",47.99,42.92,46.85,48.63
"femmina","sport",58.66,43.04,26.91,31.51
"femmina","substance",48.98,39.5,50.08,55.5
"maschio","internet",56.24,41.61,25.59,27.98
"femmina","internet",59.59,38.83,83.12,90.36
"maschio","sport",66.71,27.53,48.09,52.76
"maschio","internet",50.56,54.45,30.22,37.06
"maschio","sport",49.48,35.18,44.05,46.78
"femmina","internet",32.47,57.36,34.74,39.02
"maschio","substance",50.99,55.74,46.4,50.24
"maschio","internet",44.28,50.75,44.09,49.53
"maschio","internet",40.26,47.49,26.66,29.84
"femmina","sport",48.2,47.61,29.15,33.13
"femmina","internet",60.15,42.78,45.09,47.05
"femmina","substance",30.07,56.65,77.05,79.98
"femmina","sport",45.73,37.19,61.73,65.94
"maschio","internet",51.17,56.85,31.16,34.18
"femmina","sport",41.07,43.07,55.66,59.59
"femmina","substance",53.34,41.05,39.23,42.55
"femmina","sport",54.11,42.61,45.12,50.22
"maschio","internet",49.67,48.72,44.39,50.77
"femmina","internet",25.34,52.56,112.06,114.94
"maschio","avoidance",75.71,27.43,24.9,28.44
"femmina","internet",47.95,47.44,41.65,48.76
"femmina","internet",56.51,49.44,19.63,21.29
"maschio","avoidance",52.74,51.81,50.64,54.16
"maschio","internet",60.25,39.41,62.02,71.16
"maschio","internet",58.18,38.74,71.32,80.94
"femmina","avoidance",47.9,52.41,18.52,22.78
"femmina","internet",53.78,45.9,47.18,50.01
"maschio","internet",40.55,54.87,75.66,79.93
"femmina","internet",58.57,40.74,33.9,36.98
"maschio","sport",45.39,48.8,36.75,43.9
"femmina","internet",74.17,30.76,39.42,42.32
"femmina","internet",33.49,53.6,46.29,50.93
"maschio","avoidance",45.36,56.02,52.19,57.32
"femmina","sport",58.25,42.82,67.76,70.71
"femmina","sport",55.1,29.76,38.5,44.12
"femmina","substance",44.11,55.48,43.27,46.24
"maschio","avoidance",40.03,58.03,108.21,113.36
"femmina","internet",51.44,39.03,47.53,53.73
"femmina","internet",49.86,49.47,43.14,45.83
"maschio","substance",32.1,56.81,23.38,29.61
"femmina","sport",50.35,46.93,40.05,43.34
"maschio","avoidance",51.9,51.74,36.61,41.11
"maschio","internet",51.75,49.97,39.82,44.16
"maschio","avoidance",39.45,55.88,31.78,35.15
"femmina","sport",54.76,43.94,30.39,34.84
"femmina","substance",63.79,52.01,29.98,32.43
"maschio","internet",54.56,54.55,36.71,40.5
"femmina","internet",38.64,52.54,69.14,74.71
"femmina","internet",45.64,37.93,60.86,62.54
"maschio","internet",53.46,45.43,34.64,36.85
"maschio","substance",43.53,56.26,20.38,22.89
"femmina","internet",28.42,57.01,28.53,30.65
"femmina","sport",58.84,40.42,33.31,38.04
"maschio","avoidance",41.71,59.2,41.69,44.38
"maschio","internet",44.26,47.28,30.69,32.37
"femmina","internet",65.04,38.01,89.26,92.36
"maschio","internet",42.26,52.86,35.87,39.29
"femmina","internet",58.46,40.02,24.61,30.25
"femmina","internet",37.39,53.76,37.8,40.37
"femmina","substance",46.45,43.97,26.76,33.12
"femmina","substance",49.26,46.77,42.58,47.27
"maschio","internet",38.31,46.21,43.92,48.54
"femmina","substance",43.65,50.91,46.11,48.95
"femmina","sport",49.71,38.68,20.91,29.65
"femmina","internet",56.71,45.56,43.69,47.44
"maschio","internet",33.49,60.17,45.29,47.22
"maschio","sport",46.5,40.11,22.66,26.35
"maschio","internet",57.56,38.24,58.62,60.47
"maschio","internet",44.61,44.49,54.74,58.27
"maschio","sport",52.27,38.79,100.36,103.74
"femmina","internet",54.92,43.34,42.59,47.84
"maschio","avoidance",52.68,51.08,40.75,46.74
"maschio","internet",56.53,42.13,41.58,44.57
"maschio","sport",48.77,32.22,41.13,46.65
"maschio","internet",45.86,48.61,19.1,26.17
"femmina","internet",23.57,66.15,20.5,23.42
"femmina","substance",49.07,58.42,38.78,41.86
"femmina","internet",54.3,40.91,31.7,36.89
"femmina","sport",55.35,31.59,40.89,45.19
"femmina","internet",44.45,62.07,17.19,22.17
"maschio","sport",67.8,32.29,21.96,28.98
"femmina","sport",52.86,40.08,25.75,30.42
"femmina","sport",51.26,43.47,59.34,65.43
"femmina","internet",62.72,32.57,25.78,30.91
"femmina","avoidance",42.82,49.95,29.05,33.81
"maschio","sport",45.5,36.55,41.3,45.97
"maschio","internet",73.97,31.55,35.16,41.86
"femmina","internet",50.11,47.54,42.41,45.09
"femmina","internet",66.34,32.01,100.58,103.15
"femmina","avoidance",35.61,60.14,25.51,30.58
"femmina","substance",48.09,54.4,35.4,39.21
"femmina","sport",53.78,35.59,32.53,36.65
"maschio","internet",53,46.63,73.25,78.63
"femmina","substance",39.94,60.77,29.4,34.81
"femmina","internet",50.19,52.21,38.71,42.31
"femmina","sport",39.23,46.32,54.8,58.33
"femmina","internet",57.13,42.97,26.19,30.31
"femmina","sport",60.85,36.14,77.55,83.67
"maschio","internet",27.75,65.33,52.41,57.15
"femmina","internet",62.36,46.45,26.03,33.13
"femmina","internet",37.59,57.38,47.98,51.97
"femmina","sport",54.55,38.29,36.73,43
"maschio","sport",56.6,40.57,45.34,51.03
"femmina","internet",48,50.02,38.59,43.7
"femmina","avoidance",43.55,48.02,61.38,66.1
"femmina","sport",51.65,32.53,23.3,26.88
"maschio","avoidance",54.39,51.01,32.45,36.28
"femmina","internet",58.83,34.94,36.21,40.59
"maschio","internet",29.48,57.27,26.86,30.94
"maschio","sport",33.64,51.43,26.39,32.22
"maschio","sport",64.3,37.67,39.71,43.54
"maschio","internet",60.47,42.71,37.94,41.83
"femmina","internet",54.35,41.16,14.43,17.73
"femmina","internet",57.15,48.36,60.65,64.43
"maschio","internet",59.17,51.11,44.2,48.09
"maschio","avoidance",23.39,67.71,105.15,106.74
"maschio","avoidance",61.1,34.73,52.61,54.93
"femmina","sport",45.15,51.42,33.45,37.34
"maschio","internet",52.31,45.56,122.47,126.07
"femmina","internet",47.05,51.1,124.18,126.65
"maschio","substance",58.72,50.75,24.57,26.37
"femmina","internet",46.52,48.26,48.25,51.72
"femmina","sport",55.19,39.03,36.76,41.95
"maschio","internet",46.09,54.05,43.11,51.24
"maschio","sport",39.07,51.02,43.81,47.75
"maschio","internet",62.1,45.9,24.15,31.42
"femmina","internet",57.41,55.21,44.84,48.98
"femmina","sport",67.24,36.7,80.53,84.72
"maschio","internet",50.65,47.71,37.46,42.01
"maschio","avoidance",61.25,33.32,37.48,40.3
"maschio","internet",69.75,50.58,69.99,73.91
"femmina","avoidance",47.19,48.99,57.3,63.05
"femmina","internet",36.77,65.49,20.69,23.65
"maschio","avoidance",47.61,53.07,43.83,47.35
"femmina","sport",47.86,50.76,77.5,80.03
"maschio","internet",51.52,45.69,70.46,75.07
"femmina","sport",67.12,36,47.32,52.06
"maschio","internet",46.74,49.7,53.38,58.56
"maschio","internet",53.73,44.2,24.78,27.24
"femmina","sport",47.72,42.54,45.1,49.28
"femmina","internet",50.2,51.96,27.31,30.05
"maschio","avoidance",53.14,47.42,33.3,37.3
"femmina","internet",63.28,30.17,58.16,65
"femmina","sport",51.21,40.42,25.38,28.65
"femmina","substance",57.13,51.13,44.51,49.84
"femmina","internet",57.79,46.19,47.48,50.44
"femmina","internet",59.15,45.51,40.89,44.19
"femmina","sport",44.26,36.41,82.91,87.68
"femmina","internet",66.27,40.71,26.57,29.62
"maschio","avoidance",46.19,56.74,50.97,52.99
"femmina","substance",48.94,58.91,38.6,45.24
"maschio","internet",64.04,38.86,36.04,40.66
"femmina","sport",62.94,33.92,48.16,51.33
"femmina","sport",39.1,54.89,26.59,28.39
"maschio","internet",41.27,43.03,23.65,32.21
"maschio","substance",36.42,56.61,32.82,48.34
"femmina","internet",51.82,48.38,80.61,84.96
"maschio","internet",51.65,38.09,40.9,46.52
"maschio","sport",53.64,41.58,45.67,52.2
"maschio","avoidance",55.52,56.63,37.07,40.09
"femmina","internet",43.98,49.99,48.28,51.76
"femmina","internet",40.06,50.58,27.34,29.34
"femmina","internet",60.27,44.24,63.56,66.54
"maschio","internet",57.51,41.85,50.54,55.67
"maschio","internet",34.91,58.61,28.97,32.53
"maschio","internet",49.05,52,40.88,44.55
"maschio","sport",41.04,46.49,53.27,57.09
"femmina","sport",29.29,46.47,50,51.9
"femmina","substance",51.5,44.66,72.36,77.95
"femmina","internet",49.21,44.43,31.3,33.55
"femmina","sport",49.03,46.47,62.51,66.19
"femmina","internet",52.16,36.13,60.55,63.91
"femmina","avoidance",58.82,36.16,37.48,41.15
"maschio","internet",52.06,42.7,27.07,34.24
"femmina","sport",43.84,47.05,25.87,29.04
"maschio","internet",42.65,46.11,48.04,50.96
"femmina","sport",48.68,47.09,38.88,41.06
"maschio","avoidance",53.1,50.12,81.49,84.39
"femmina","internet",39.6,51.35,49.55,52.06
"maschio","avoidance",48.16,55.01,34.47,39.18
"femmina","internet",59.67,44.11,26.54,29.37
"maschio","internet",48.92,45.31,31.69,36.21
"femmina","internet",43.02,51.65,45.88,49.65
"maschio","internet",47.24,51.62,33.4,35.65
"maschio","sport",61.15,38.21,49.13,52.05
"maschio","sport",55.5,35.96,34.99,40.69
"femmina","substance",62.37,50.09,38.35,44.09
"femmina","internet",51.39,52.07,29.86,38.78
"maschio","substance",54.1,51.33,85.7,89.69
"femmina","internet",44.42,50.51,45.69,47.89
"femmina","substance",56.05,48.6,43.87,46.81
"maschio","sport",44.94,55.34,20.33,25.04
"femmina","internet",35.79,55.49,52.08,60.63
"femmina","avoidance",51.28,48.57,26.56,30.74
"femmina","internet",69.46,24.73,28,34.31
"maschio","sport",58.01,30.17,57.76,63.2
"maschio","internet",61.65,40.79,33.37,35.88
"maschio","avoidance",53.59,49.24,19.88,23.62
"maschio","sport",43.91,46.43,81.19,87.93
"maschio","internet",47.98,52.12,15.45,21.13
"femmina","avoidance",47.27,50.39,50.3,55.12
"maschio","internet",45.31,55.42,60.09,64.93
"femmina","avoidance",57.04,41.87,31.08,34.37
"femmina","internet",38.03,46.94,47.78,50.14
"femmina","avoidance",58.66,39.53,47.68,54.4
"femmina","substance",58.64,51.39,60.65,62.92
"maschio","internet",38.01,52.58,48.55,51.3
"femmina","avoidance",56.39,50.75,36.27,41.41
"femmina","avoidance",74.3,36.51,57.7,60.11
"femmina","internet",44.43,46.83,55.1,58.31
"maschio","internet",58.45,40.93,27.5,29.99
"maschio","internet",42.18,41.65,22.84,27.97
